Reduction Type,Array Size,Average Runtime (ms),Achieved Bandwidth (GB/s)
Vanilla,16777216,0.156791,398.621
Thread Linear,16777216,0.0991368,630.442
Shared Memory,16777216,0.220071,283.999
Shared + Linear,16777216,0.0778454,802.873
Shared + Linear + Warp Unroll,16777216,0.0772401,809.165
Shared + Linear + Full Unroll,16777216,0.0772364,809.204
