Reduction Type,Array Size,Average Runtime (ms),Achieved Bandwidth (GB/s)
Vanilla,16777216,0.157829,395.998
Thread Linear,16777216,0.0977882,639.137
Shared Memory,16777216,0.223618,279.494
Shared + Linear,16777216,0.0787252,793.901
Shared + Linear + Warp Unroll,16777216,0.0779386,801.914
Shared + Linear + Full Unroll,16777216,0.0781095,800.159
