Reduction Type,Array Size,Average Runtime (ms),Achieved Bandwidth (GB/s)
Vanilla,16777216,0.157791,396.094
Thread Linear,16777216,0.0978698,638.603
Shared Memory,16777216,0.22405,278.955
Shared + Linear,16777216,0.0789079,792.063
Shared + Linear + Warp Unroll,16777216,0.0780423,800.848
Shared + Linear + Full Unroll,16777216,0.0776175,805.23
