Reduction Type,Array Size,Average Runtime (ms),Achieved Bandwidth (GB/s)
Vanilla,16777216,0.157894,395.835
Thread Linear,16777216,0.100207,623.712
Shared Memory,16777216,0.223919,279.119
Shared + Linear,16777216,0.078614,795.023
Shared + Linear + Warp Unroll,16777216,0.0780211,801.066
Shared + Linear + Full Unroll,16777216,0.0757775,824.783
