Reduction Type,Array Size,Average Runtime (ms),Achieved Bandwidth (GB/s)
Vanilla,16777216,0.158143,395.213
Thread Linear,16777216,0.100366,622.723
Shared Memory,16777216,0.224235,278.726
Shared + Linear,16777216,0.0785087,796.09
Shared + Linear + Warp Unroll,16777216,0.0787421,793.731
Shared + Linear + Full Unroll,16777216,0.0757943,824.6
