Reduction Type,Array Size,Average Runtime (ms),Achieved Bandwidth (GB/s)
Vanilla,16777216,0.15782,396.02
Thread Linear,16777216,0.0999332,625.418
Shared Memory,16777216,0.223099,280.145
Shared + Linear,16777216,0.0783906,797.29
Shared + Linear + Warp Unroll,16777216,0.0780502,800.767
Shared + Linear + Full Unroll,16777216,0.0780592,800.674
