Reduction Type,Array Size,Average Runtime (ms),Achieved Bandwidth (GB/s)
Vanilla,16777216,0.156988,398.119
Thread Linear,16777216,0.099225,629.882
Shared Memory,16777216,0.223048,280.208
Shared + Linear,16777216,0.0748201,835.337
Shared + Linear + Warp Unroll,16777216,0.0769665,812.041
Shared + Linear + Full Unroll,16777216,0.0770392,811.275
