Reduction Type,Array Size,Average Runtime (ms),Achieved Bandwidth (GB/s)
Vanilla,1048576,0.0678941,57.5344
Thread Linear,1048576,0.0356983,109.424
Shared Memory,1048576,0.0310667,125.737
Shared + Linear,1048576,0.0163974,238.223
Shared + Linear + Warp Unroll,1048576,0.0156677,249.318
Shared + Linear + Full Unroll,1048576,0.0162098,240.981
