Reduction Type,Array Size,Average Runtime (ms),Achieved Bandwidth (GB/s)
Vanilla,1048576,0.0677009,57.6987
Thread Linear,1048576,0.0380379,102.694
Shared Memory,1048576,0.0310302,125.885
Shared + Linear,1048576,0.0163045,239.581
Shared + Linear + Warp Unroll,1048576,0.0160418,243.505
Shared + Linear + Full Unroll,1048576,0.0138469,282.103
